{
  "project_info": {
    "project_number": "192200148519",
    "project_id": "aondeirnotificacao",
    "storage_bucket": "aondeirnotificacao.firebasestorage.app"
  },
  "client": [
    {
      "client_info": {
        "mobilesdk_app_id": "1:192200148519:android:f9ce37448be28cb3bff002",
        "android_client_info": {
          "package_name": "com.aondeir.motoristaapp"
        }
      },
      "oauth_client": [],
      "api_key": [
        {
          "current_key": "AIzaSyBGB5TkETVVxVcB_V2e8Km45qlLegotITY"
        }
      ],
      "services": {
        "appinvite_service": {
          "other_platform_oauth_client": []
        }
      }
    },
    {
      "client_info": {
        "mobilesdk_app_id": "1:192200148519:android:4f38f607a89937b4bff002",
        "android_client_info": {
          "package_name": "com.aondeir.passageiroapp"
        }
      },
      "oauth_client": [],
      "api_key": [
        {
          "current_key": "AIzaSyBGB5TkETVVxVcB_V2e8Km45qlLegotITY"
        }
      ],
      "services": {
        "appinvite_service": {
          "other_platform_oauth_client": []
        }
      }
    }
  ],
  "configuration_version": "1"
}