{"flutter":{"platforms":{"android":{"default":{"projectId":"aondeirnotificacao","appId":"1:192200148519:android:f9ce37448be28cb3bff002","fileOutput":"android/app/google-services.json"}},"ios":{"default":{"projectId":"aondeirnotificacao","appId":"1:192200148519:ios:580bd61472921573bff002","uploadDebugSymbols":false,"fileOutput":"ios/Runner/GoogleService-Info.plist"}},"macos":{"default":{"projectId":"aondeirnotificacao","appId":"1:192200148519:ios:6798688755d3f53cbff002","uploadDebugSymbols":false,"fileOutput":"macos/Runner/GoogleService-Info.plist"}},"dart":{"lib/firebase_options.dart":{"projectId":"aondeirnotificacao","configurations":{"android":"1:192200148519:android:f9ce37448be28cb3bff002","ios":"1:192200148519:ios:580bd61472921573bff002","macos":"1:192200148519:ios:6798688755d3f53cbff002","web":"1:192200148519:web:df0fb8d9dc97a2edbff002","windows":"1:192200148519:web:85d2f271a92cb648bff002"}}}}}}